Country Name,Country Code,Indicator Name,Indicator Code,2000,2001,2002,2003,2004,2005,2006,2007,2008,2009,2010,2011,2012,2013,2014,2015,2016,2017,2018,2019
Aruba,ABW,"Unemployment, total (% of total labor force) (national estimate)",SL.UEM.TOTL.NE.ZS,6.920000076,6.900000095,,,,,,5.710000038,,,10.60000038,8.899999619,,,,,,,,
Afghanistan,AFG,"Unemployment, total (% of total labor force) (national estimate)",SL.UEM.TOTL.NE.ZS,,,,,,,,,2.494499922,,,,1.691900015,,,,,11.18360043,,
Angola,AGO,"Unemployment, total (% of total labor force) (national estimate)",SL.UEM.TOTL.NE.ZS,,,,,23.6427002,,,,,3.782299995,9.430000305,7.362199783,,,,,,,,
Albania,ALB,"Unemployment, total (% of total labor force) (national estimate)",SL.UEM.TOTL.NE.ZS,16.79999924,16.39999962,15.80000019,15,14.39999962,14.10000038,13.80000019,15.96630001,13.05990028,13.67389965,14.08600044,13.48089981,13.37590027,15.86590004,17.48999977,17.07999992,,13.75,,
Andorra,AND,"Unemployment, total (% of total labor force) (national estimate)",SL.UEM.TOTL.NE.ZS,,,,,,,,,,,,,,,,,,,,
Arab World,ARB,"Unemployment, total (% of total labor force) (national estimate)",SL.UEM.TOTL.NE.ZS,,,,,,,10.31218886,9.664580026,9.928472113,9.512031375,9.22688142,11.16607934,10.57078798,,10.50851739,,9.554608446,,,
United Arab Emirates,ARE,"Unemployment, total (% of total labor force) (national estimate)",SL.UEM.TOTL.NE.ZS,2.25,2.4,2.64,2.87,3.03,3.119999886,2.77,2.47,2.33,2.7,2.66,2.49,2.41,2.29,2.06,1.84,1.64,2.463000059,2.229000092,
Argentina,ARG,"Unemployment, total (% of total labor force) (national estimate)",SL.UEM.TOTL.NE.ZS,17.1,19.2,22.5,17.3,13.6,11.6,10.2,8.5,7.9,8.7,7.8,7.2,7.2,7.1,7.3,6.5,8.5,8.4,9.2,
Armenia,ARM,"Unemployment, total (% of total labor force) (national estimate)",SL.UEM.TOTL.NE.ZS,,,,,,,,9.812299728,22.97380066,18.43630028,19.00799942,18.4428997,17.30130005,16.17889977,17.49850082,18.26099968,17.61720085,17.7045002,,
American Samoa,ASM,"Unemployment, total (% of total labor force) (national estimate)",SL.UEM.TOTL.NE.ZS,5.050000191,,,,,9.979999542,,,,,9.199999809,,,,,,,,,
Antigua and Barbuda,ATG,"Unemployment, total (% of total labor force) (national estimate)",SL.UEM.TOTL.NE.ZS,,8.420000076,,,,,,,,,,,,,,,,,,
Australia,AUS,"Unemployment, total (% of total labor force) (national estimate)",SL.UEM.TOTL.NE.ZS,6.3,6.8,6.4,5.9,5.4,5,4.8,4.4,4.3,5.6,5.2,5.1,5.2,5.7,6.1,6.1,5.7,5.6,5.3,5.163300037
Austria,AUT,"Unemployment, total (% of total labor force) (national estimate)",SL.UEM.TOTL.NE.ZS,4.687200069,4.006999969,4.849299908,4.77850008,5.834199905,5.627500057,5.242800236,4.857900143,4.128099918,5.301400185,4.820000172,4.563799858,4.864999771,5.334799767,5.619699955,5.722700119,6.013800144,5.499000072,4.84800005,
Azerbaijan,AZE,"Unemployment, total (% of total labor force) (national estimate)",SL.UEM.TOTL.NE.ZS,11.8,10.9,10,9.2,8,7.3,6.6,6.3,5.9,5.7,5.6,5.4,5.2,5,4.9,5,5,5,5,
Burundi,BDI,"Unemployment, total (% of total labor force) (national estimate)",SL.UEM.TOTL.NE.ZS,,,,,,,,,1.633574486,,,,,,1.571699977,,,,,
Belgium,BEL,"Unemployment, total (% of total labor force) (national estimate)",SL.UEM.TOTL.NE.ZS,6.586400032,6.177499771,6.909500122,7.679599762,7.363399982,8.440199852,8.245900154,7.457900047,6.975599766,7.907599926,8.292499542,7.1395998,7.541699886,8.425299644,8.52270031,8.482000351,7.829699993,7.086200237,5.948200226,
Benin,BEN,"Unemployment, total (% of total labor force) (national estimate)",SL.UEM.TOTL.NE.ZS,,,0.689999998,,,,,,,,1.039999962,2.646500111,,,,,,,,
Burkina Faso,BFA,"Unemployment, total (% of total labor force) (national estimate)",SL.UEM.TOTL.NE.ZS,,,,2.779999971,,4,,3.299999952,,,,,,,6.480700016,,,,,
Bangladesh,BGD,"Unemployment, total (% of total labor force) (national estimate)",SL.UEM.TOTL.NE.ZS,3.269999981,,,4.320000172,,4.25,3.590600014,,,5,3.378900051,,,4.426199913,,,4.349999905,4.372300148,,
Bulgaria,BGR,"Unemployment, total (% of total labor force) (national estimate)",SL.UEM.TOTL.NE.ZS,16.21759987,19.92079926,18.10950089,13.73260021,12.03709984,10.08259964,8.950699806,6.877699852,5.609499931,6.816599846,10.27939987,11.25959969,12.26990032,12.94079971,11.42380047,9.143300056,7.57460022,6.164400101,5.211400032,
Bahrain,BHR,"Unemployment, total (% of total labor force) (national estimate)",SL.UEM.TOTL.NE.ZS,,,,,,,,5.6,3.7,4,3.6,4,3.7,4.4,3.8,3.4,3.7,3.6,3.9,
"Bahamas, The",BHS,"Unemployment, total (% of total labor force) (national estimate)",SL.UEM.TOTL.NE.ZS,,6.869999886,9.050000191,10.84000015,10.19999981,10.19999981,7.539999962,7.880000114,8.180000305,14.25,,14.52000046,14.02000046,16.18000031,13.80000019,12,12.69999981,,,
Bosnia and Herzegovina,BIH,"Unemployment, total (% of total labor force) (national estimate)",SL.UEM.TOTL.NE.ZS,,,,,,,31.10989952,28.9843998,23.40530014,24.06769943,27.3118,27.58189964,28.01029968,27.49029922,27.51720047,27.69449997,25.40810013,20.5272007,18.40019989,15.69209957
Belarus,BLR,"Unemployment, total (% of total labor force) (national estimate)",SL.UEM.TOTL.NE.ZS,2.099999905,2.299999952,3,3.099999905,1.899999976,1.5,1.200000048,1,0.800000012,6.099999905,,0.600000024,0.5,0.5,0.5,1,5.840000153,5.650000095,4.760000229,
Belize,BLZ,"Unemployment, total (% of total labor force) (national estimate)",SL.UEM.TOTL.NE.ZS,,9.069999695,10.03999996,,,10.90999985,9.390000343,8.510000229,8.180000305,,,,,8.349100113,8.243900299,7.578199863,7.000400066,6.595499992,,
Bermuda,BMU,"Unemployment, total (% of total labor force) (national estimate)",SL.UEM.TOTL.NE.ZS,2.710000038,,,,,,,,,4.480000019,6.489999771,,8.43999958,6.659999847,8.93999958,,,,,
Bolivia,BOL,"Unemployment, total (% of total labor force) (national estimate)",SL.UEM.TOTL.NE.ZS,4.46999979,5.239999771,5.480000019,,4.170000076,5.449999809,5.079999924,5.179999828,2.603399992,2.863399982,,2.218600035,2.047899961,2.393899918,2.006500006,3.065999985,3.498100042,3.654599905,3.518599987,
Brazil,BRA,"Unemployment, total (% of total labor force) (national estimate)",SL.UEM.TOTL.NE.ZS,13.9,12.5,13,13.7,12.9,11.4,11.5,10.9,9.4,9.7,8.5,7.8,7.4,7.2,6.8,8.3,11.3,12.8,12.3,11.93330002
Barbados,BRB,"Unemployment, total (% of total labor force) (national estimate)",SL.UEM.TOTL.NE.ZS,9.350000381,9.850000381,10.31999969,11,9.569999695,9.079999924,8.729999542,7.409999847,8.119999886,10.02000046,10.68999958,11.18999958,11.59000015,11.55000019,12.17000008,11.35000038,9.720000267,,,
Brunei Darussalam,BRN,"Unemployment, total (% of total labor force) (national estimate)",SL.UEM.TOTL.NE.ZS,,,,,,,,,,,,,,,6.965099812,,,9.315999985,8.699500084,
Bhutan,BTN,"Unemployment, total (% of total labor force) (national estimate)",SL.UEM.TOTL.NE.ZS,,1.899999976,,1.799999952,2.49000001,3.099999905,3.130000114,3.700000048,,3.960000038,3.319999933,3.230000019,2.049999952,2.869999886,2.630000114,2.450000048,,,,
Botswana,BWA,"Unemployment, total (% of total labor force) (national estimate)",SL.UEM.TOTL.NE.ZS,15.88000011,18.54000092,,23.79999924,,,17.79999924,,,16.1692009,17.86000061,,,,,,,,,
Central African Republic,CAF,"Unemployment, total (% of total labor force) (national estimate)",SL.UEM.TOTL.NE.ZS,,,,,,,,,,,,,,,,,,,,
Canada,CAN,"Unemployment, total (% of total labor force) (national estimate)",SL.UEM.TOTL.NE.ZS,6.8,7.2,7.7,7.6,7.2,6.8,6.3,6,6.2,8.4,8,7.5,7.3,7.1,6.9,6.9,7,6.3,5.8,5.66260004
Central Europe and the Baltics,CEB,"Unemployment, total (% of total labor force) (national estimate)",SL.UEM.TOTL.NE.ZS,12.43440957,13.22793621,13.74338133,12.95803256,12.93492249,12.05483701,10.10516084,7.80873015,6.604520902,8.488289568,9.900179622,9.789352165,9.977553927,10.04461851,8.949747348,7.814823507,6.48769187,5.293467249,4.312762349,
Switzerland,CHE,"Unemployment, total (% of total labor force) (national estimate)",SL.UEM.TOTL.NE.ZS,1.8,1.7,2.5,3.7,3.9,3.8,3.3,2.8,2.6,3.7,3.5,2.8,2.9,3.2,3,3.2,3.3,3.1,2.5,
Channel Islands,CHI,"Unemployment, total (% of total labor force) (national estimate)",SL.UEM.TOTL.NE.ZS,,,,,,,,,,,,,,,,,,,,
Chile,CHL,"Unemployment, total (% of total labor force) (national estimate)",SL.UEM.TOTL.NE.ZS,9.7,9.9,9.8,9.5,10,9.3,8,7,7.8,11.1,8.3,7.3,6.6,6.1,6.5,6.3,6.7,7,7.4,
China,CHN,"Unemployment, total (% of total labor force) (national estimate)",SL.UEM.TOTL.NE.ZS,3.1,3.6,4,4.3,4.2,4.2,4.1,4,4.2,4.3,4.1,4.1,4.1,4.1,4.1,4.1,4,3.9,3.8,
Cote d'Ivoire,CIV,"Unemployment, total (% of total labor force) (national estimate)",SL.UEM.TOTL.NE.ZS,,,,,,,,,,,,,7.222899914,4.254499912,,,2.59920001,3.272500038,,
Cameroon,CMR,"Unemployment, total (% of total labor force) (national estimate)",SL.UEM.TOTL.NE.ZS,,7.460000038,,,,4.400000095,,3.062700033,,,4.110000134,,,,3.533799887,,,,,
"Congo, Dem. Rep.",COD,"Unemployment, total (% of total labor force) (national estimate)",SL.UEM.TOTL.NE.ZS,,,,,,2.849100113,,,,,,,4.485199928,,,,,,,
"Congo, Rep.",COG,"Unemployment, total (% of total labor force) (national estimate)",SL.UEM.TOTL.NE.ZS,,,,,,19.79560089,,,,16.10000038,,,10,,,,,,,
Colombia,COL,"Unemployment, total (% of total labor force) (national estimate)",SL.UEM.TOTL.NE.ZS,13.3,15,15.6,14.1,13.7,11.8,12,11.2,11.3,12,11.8,10.8,10.4,9.7,9.1,8.9,9.2,9.4,9.7,
Comoros,COM,"Unemployment, total (% of total labor force) (national estimate)",SL.UEM.TOTL.NE.ZS,,,,,4.571400166,,,,,,,,,,8.142499924,,,,,
Cabo Verde,CPV,"Unemployment, total (% of total labor force) (national estimate)",SL.UEM.TOTL.NE.ZS,,,,,,,,,,,10.67000008,,,,,31.31270027,,12.23999977,12.17000008,
Costa Rica,CRI,"Unemployment, total (% of total labor force) (national estimate)",SL.UEM.TOTL.NE.ZS,5.2,6.1,6.4,6.7,6.5,6.6,6,4.6,4.9,7.8,9.2,10.5,9.8,8.3,9.7,9.6,9.5,9.3,12,11.49059963
Caribbean small states,CSS,"Unemployment, total (% of total labor force) (national estimate)",SL.UEM.TOTL.NE.ZS,14.12639445,12.85387985,12.51635366,11.61197905,10.96874732,10.37119198,9.227888317,8.410722464,8.820782766,9.861940316,9.439275737,10.24711321,10.96402969,11.40665649,10.10945958,10.29780448,10.44225729,,,
Cuba,CUB,"Unemployment, total (% of total labor force) (national estimate)",SL.UEM.TOTL.NE.ZS,5.449999809,4.079999924,3.309999943,2.329999924,1.853999972,1.950000048,1.912999988,1.787999988,1.582999945,1.669999957,2.5,3.180000067,3.460000038,3.289999962,2.700000048,2.400000095,,,,
Curacao,CUW,"Unemployment, total (% of total labor force) (national estimate)",SL.UEM.TOTL.NE.ZS,,,,,,,,,,,,9.779999733,,13.02999973,12.60999966,11.71000004,,,13.43000031,
Cayman Islands,CYM,"Unemployment, total (% of total labor force) (national estimate)",SL.UEM.TOTL.NE.ZS,,7.539999962,5.369999886,3.609999895,3.450000048,3.539999962,2.619999886,3.829999924,3.970000029,6.039999962,6.679999828,6.78000021,6.210000038,6.269999981,4.699999809,4.239999771,,,,
Cyprus,CYP,"Unemployment, total (% of total labor force) (national estimate)",SL.UEM.TOTL.NE.ZS,4.96750021,3.983999968,3.298500061,4.135099888,4.333300114,5.30369997,4.542900085,3.921999931,3.654700041,5.363900185,6.262800217,7.856100082,11.79520035,15.87069988,16.08799934,14.90839958,12.94979954,11.05150032,8.369700432,
Czech Republic,CZE,"Unemployment, total (% of total labor force) (national estimate)",SL.UEM.TOTL.NE.ZS,8.8,8.1,7.3,7.8,8.3,7.9,7.1,5.3,4.4,6.7,7.3,6.7,7,6.9,6.1,5,3.9,2.9,2.2,
Germany,DEU,"Unemployment, total (% of total labor force) (national estimate)",SL.UEM.TOTL.NE.ZS,7.917300224,7.772699833,8.481900215,9.779000282,10.72669983,11.16670036,10.25020027,8.6583004,7.524499893,7.741600037,6.966400146,5.824399948,5.379399776,5.23059988,4.98059988,4.624199867,4.121799946,3.745500088,3.383500099,
Djibouti,DJI,"Unemployment, total (% of total labor force) (national estimate)",SL.UEM.TOTL.NE.ZS,,,,,,,,,,,,,,,,,,,,
Dominica,DMA,"Unemployment, total (% of total labor force) (national estimate)",SL.UEM.TOTL.NE.ZS,,10.96000004,,,,,,,,,,,,,,,,,,
Denmark,DNK,"Unemployment, total (% of total labor force) (national estimate)",SL.UEM.TOTL.NE.ZS,4.3,4.5,4.6,5.4,5.5,4.8,3.9,3.8,3.7,6.4,7.7,7.8,7.8,7.4,6.9,6.3,6,5.8,5.1,
Dominican Republic,DOM,"Unemployment, total (% of total labor force) (national estimate)",SL.UEM.TOTL.NE.ZS,6.432400227,7.261799812,6.778699875,6.937699795,6.302899837,6.586599827,5.654500008,5.157700062,4.76429987,5.466599941,5.211999893,6.086900234,6.722000122,7.351500034,6.718900204,7.605400085,7.283500195,5.831699848,5.861299992,
Algeria,DZA,"Unemployment, total (% of total labor force) (national estimate)",SL.UEM.TOTL.NE.ZS,29.77000046,27.29999924,25.89999962,23.71999931,17.64999962,15.27000046,12.27000046,13.78999996,11.32999992,10.15999985,9.960000038,9.960000038,10.97000027,9.819999695,10.20720005,11.20610046,10.20240021,13.56999969,,
East Asia & Pacific (excluding high income),EAP,"Unemployment, total (% of total labor force) (national estimate)",SL.UEM.TOTL.NE.ZS,3.593693785,3.773703479,4.341225194,4.315712578,4.317129715,4.457425623,4.349801988,4.189762605,4.37162709,4.218308192,3.928792348,3.914168593,3.830546741,3.78577027,3.788726137,,,3.605283557,3.542700697,
Early-demographic dividend,EAR,"Unemployment, total (% of total labor force) (national estimate)",SL.UEM.TOTL.NE.ZS,5.36015201,,,,,5.240554729,,,,,4.554342267,,4.79897604,,,,,,5.860256669,
East Asia & Pacific,EAS,"Unemployment, total (% of total labor force) (national estimate)",SL.UEM.TOTL.NE.ZS,3.709105923,3.89798411,4.425940321,4.397491161,4.349418733,4.444012039,4.315593444,4.148938225,4.314378757,4.297243072,4.022540469,3.957045404,3.865024742,3.809367975,3.800691099,,,3.587659827,3.508621319,
Europe & Central Asia (excluding high income),ECA,"Unemployment, total (% of total labor force) (national estimate)",SL.UEM.TOTL.NE.ZS,9.473421292,8.840354696,8.597872396,8.408799805,8.171025156,7.638600922,7.38724921,6.73498745,6.864915869,9.011080847,8.465350454,7.673782297,7.067097081,7.10082487,7.298413851,7.441760549,7.48652403,7.29632641,7.212395719,
Europe & Central Asia,ECS,"Unemployment, total (% of total labor force) (national estimate)",SL.UEM.TOTL.NE.ZS,9.266031887,8.578372759,8.650837211,8.688741907,8.687498054,8.341236077,7.790761382,6.930614623,6.908827517,8.929061196,9.039228021,8.707115509,8.918919089,9.153884593,8.906909592,8.512552845,8.075893776,7.491322484,7.008572248,
Ecuador,ECU,"Unemployment, total (% of total labor force) (national estimate)",SL.UEM.TOTL.NE.ZS,4.799499989,4.251699924,,5.66230011,5.00180006,3.77850008,3.549700022,3.142299891,3.91689992,4.607699871,4.087500095,3.457999945,3.234899998,3.082600117,3.479799986,3.615700006,4.597000122,3.836199999,3.529599905,3.812099934
"Egypt, Arab Rep.",EGY,"Unemployment, total (% of total labor force) (national estimate)",SL.UEM.TOTL.NE.ZS,9,8.8,10.1,11.3,10.5,11.5,10.9,9.2,8.7,9.4,9.2,10.4,12.4,13,13.4,12.9,12.7,12.2,10.9,
Euro area,EMU,"Unemployment, total (% of total labor force) (national estimate)",SL.UEM.TOTL.NE.ZS,9.423932172,8.347510948,8.61432421,8.958617941,9.24565761,9.020289478,8.312222475,7.435155575,7.484632608,9.536568489,10.07037787,10.11090732,11.28873781,11.92839461,11.60480302,10.83992133,10.02732187,9.059889079,8.187568543,
Eritrea,ERI,"Unemployment, total (% of total labor force) (national estimate)",SL.UEM.TOTL.NE.ZS,,,,,,,,,,,,,,,,,,,,
Spain,ESP,"Unemployment, total (% of total labor force) (national estimate)",SL.UEM.TOTL.NE.ZS,13.78520012,10.34790039,11.14610004,11.28339958,11.09020042,9.146300316,8.452199936,8.232099533,11.25450039,17.8567009,19.85969925,21.39049911,24.78720093,26.09359932,24.44129944,22.05730057,19.63470078,17.22360039,15.25469971,
Estonia,EST,"Unemployment, total (% of total labor force) (national estimate)",SL.UEM.TOTL.NE.ZS,13.35980034,13.13449955,10.02610016,11.28759956,10.24779987,8.033100128,5.914700031,4.592000008,5.454899788,13.54819965,16.7071991,12.32769966,10.02110004,8.630700111,7.351799965,6.186600208,6.761700153,5.760399818,5.366000175,
Ethiopia,ETH,"Unemployment, total (% of total labor force) (national estimate)",SL.UEM.TOTL.NE.ZS,,,,,,2.496900082,,,,,,,,2.25090003,,,,,,
European Union,EUU,"Unemployment, total (% of total labor force) (national estimate)",SL.UEM.TOTL.NE.ZS,9.82340028,9.195867842,9.541025697,9.646574437,9.881931428,9.569798067,8.625228965,7.448099568,7.200246092,9.116517753,9.795787018,9.836268822,10.80261918,11.32288707,10.84329711,10.02387933,9.124716223,8.135472772,7.269293037,
Fragile and conflict affected situations,FCS,"Unemployment, total (% of total labor force) (national estimate)",SL.UEM.TOTL.NE.ZS,,,,,,,,,,,,,,,,,,,,
Finland,FIN,"Unemployment, total (% of total labor force) (national estimate)",SL.UEM.TOTL.NE.ZS,11.13449955,10.29049969,10.42269993,10.46930027,10.35779953,8.383600235,7.718900204,6.854000092,6.368599892,8.249500275,8.394399643,7.781000137,7.689099789,8.193400383,8.663000107,9.375900269,8.818400383,8.640199661,7.361199856,
Fiji,FJI,"Unemployment, total (% of total labor force) (national estimate)",SL.UEM.TOTL.NE.ZS,,,,8.220000267,4.699999809,3.885999918,,,8.93999958,8.720000267,8.909999847,4.405499935,9,,6.170000076,,4.319499969,,,
France,FRA,"Unemployment, total (% of total labor force) (national estimate)",SL.UEM.TOTL.NE.ZS,10.21720028,8.6104002,8.701700211,8.306500435,8.913599968,8.493499756,8.447799683,7.656700134,7.063399792,8.736300468,8.871299744,8.81099987,9.40019989,9.920599937,10.29220009,10.3593998,10.05679989,9.397199631,9.058899879,
Faroe Islands,FRO,"Unemployment, total (% of total labor force) (national estimate)",SL.UEM.TOTL.NE.ZS,4.170000076,4,,3.849999905,3.700000048,,,,,,,,,,,,,,,
"Micronesia, Fed. Sts.",FSM,"Unemployment, total (% of total labor force) (national estimate)",SL.UEM.TOTL.NE.ZS,,,,,,,,,,,,,,,8.862500191,,,,,
Gabon,GAB,"Unemployment, total (% of total labor force) (national estimate)",SL.UEM.TOTL.NE.ZS,,,,,,16.90999985,,,,,20.38999939,,,,,,,,,
United Kingdom,GBR,"Unemployment, total (% of total labor force) (national estimate)",SL.UEM.TOTL.NE.ZS,5.5,5.1,5.2,5,4.8,4.8,5.4,5.4,5.7,7.6,7.9,8.1,8,7.6,6.2,5.4,4.9,4.4,4.1,
Georgia,GEO,"Unemployment, total (% of total labor force) (national estimate)",SL.UEM.TOTL.NE.ZS,10.81999969,11.15999985,12.59000015,11.51000023,12.61999989,13.81000042,13.56999969,13.27999973,17.87000084,20.71019936,20.20269966,19.63170052,19.65309906,19.41580009,17.43849945,16.50589943,16.60390091,13.93889999,12.66699982,
Ghana,GHA,"Unemployment, total (% of total labor force) (national estimate)",SL.UEM.TOTL.NE.ZS,10.35999966,,,,,,4.635300159,,,,5.320000172,,,2.172899961,,6.806200027,,4.222799778,,
Gibraltar,GIB,"Unemployment, total (% of total labor force) (national estimate)",SL.UEM.TOTL.NE.ZS,,,,,,,,,,,,,,,,,,,,
Guinea,GIN,"Unemployment, total (% of total labor force) (national estimate)",SL.UEM.TOTL.NE.ZS,,,4.548799992,,,,,,,,,,,,,,,,,
"Gambia, The",GMB,"Unemployment, total (% of total labor force) (national estimate)",SL.UEM.TOTL.NE.ZS,,,,,,,,,,,,,9.417300224,,,,,,,
Guinea-Bissau,GNB,"Unemployment, total (% of total labor force) (national estimate)",SL.UEM.TOTL.NE.ZS,,,,,,,,,,,,,,,,,,,,
Equatorial Guinea,GNQ,"Unemployment, total (% of total labor force) (national estimate)",SL.UEM.TOTL.NE.ZS,,,,,,,,,,,,,,,,,,,,
Greece,GRC,"Unemployment, total (% of total labor force) (national estimate)",SL.UEM.TOTL.NE.ZS,11.24779987,10.45610046,9.974599838,9.412099838,10.31070042,9.993800163,9.007699966,8.396499634,7.759699821,9.61590004,12.71310043,17.86470032,24.43930054,27.46619987,26.49139977,24.89710045,23.53910065,21.48760033,19.29159927,
Grenada,GRD,"Unemployment, total (% of total labor force) (national estimate)",SL.UEM.TOTL.NE.ZS,,,,,,,,,,,,,,24.20000076,24.5,22.89999962,,,,
Greenland,GRL,"Unemployment, total (% of total labor force) (national estimate)",SL.UEM.TOTL.NE.ZS,11.02000046,9.529999733,8.819999695,10.30000019,10.43999958,9.25,8.399999619,,,,7.800000191,9.399999619,9.800000191,10.10000038,10.30000019,9.100000381,,,,
Guatemala,GTM,"Unemployment, total (% of total labor force) (national estimate)",SL.UEM.TOTL.NE.ZS,,,,2.806799889,2.970799923,,1.90170002,,,,3.496599913,4.126200199,2.764699936,3.016499996,2.716700077,2.506200075,2.582999945,2.461999893,,
Guam,GUM,"Unemployment, total (% of total labor force) (national estimate)",SL.UEM.TOTL.NE.ZS,15.31999969,13.21259975,11.39000034,,7.699999809,7,7.400000095,8.300000191,,9.300000191,8.199999809,13.30000019,12.19999981,11.5,7.599999905,6.900000095,5.400000095,,,
Guyana,GUY,"Unemployment, total (% of total labor force) (national estimate)",SL.UEM.TOTL.NE.ZS,,,11.81000042,,,,10.69999981,,,,,,,,,,,,14.01900005,
High income,HIC,"Unemployment, total (% of total labor force) (national estimate)",SL.UEM.TOTL.NE.ZS,6.558627147,6.559094257,7.067746518,7.209726455,7.025412321,6.704314059,6.166657669,5.641333586,5.90231811,8.040707906,8.290505857,7.97686599,8.013764932,7.933940473,7.30834318,6.685582902,6.148801229,5.619491792,5.117304398,
"Hong Kong SAR, China",HKG,"Unemployment, total (% of total labor force) (national estimate)",SL.UEM.TOTL.NE.ZS,4.9,5.1,7.3,7.9,6.8,5.6,4.8,4,3.5,5.2,4.3,3.4,3.3,3.4,3.3,3.3,3.4,3.1,2.8,
Honduras,HND,"Unemployment, total (% of total labor force) (national estimate)",SL.UEM.TOTL.NE.ZS,4,4,4,5.3,6,4.9,3.6,3.2,3.2,3.3,4.1,4.5,3.8,4.1,5.5,4.6,4.7,4,4.1,
Heavily indebted poor countries (HIPC),HPC,"Unemployment, total (% of total labor force) (national estimate)",SL.UEM.TOTL.NE.ZS,,,,,,,,,,,,,,,,,,,,
Croatia,HRV,"Unemployment, total (% of total labor force) (national estimate)",SL.UEM.TOTL.NE.ZS,20.6,21.5,21.8,19.1,17.8,17.6,16.5,14.7,13,14.5,17.2,17.4,18.6,19.8,19.3,17.1,15,12.4,9.9,
Haiti,HTI,"Unemployment, total (% of total labor force) (national estimate)",SL.UEM.TOTL.NE.ZS,,,,,,,,16.79999924,,,,,14.10000038,,,,,,,
Hungary,HUN,"Unemployment, total (% of total labor force) (national estimate)",SL.UEM.TOTL.NE.ZS,6.4,5.7,5.8,5.9,6.1,7.2,7.5,7.4,7.8,10,11.2,11,11,10.2,7.7,6.8,5.1,4.2,3.7,
IBRD only,IBD,"Unemployment, total (% of total labor force) (national estimate)",SL.UEM.TOTL.NE.ZS,5.077583221,6.057196436,6.622535906,6.442656104,6.303666359,5.419532551,5.921836367,5.642187149,5.617850394,5.900141434,4.781473787,5.479705151,4.79966924,5.302150522,5.300777723,,,5.573973076,5.31825314,
IDA & IBRD total,IBT,"Unemployment, total (% of total labor force) (national estimate)",SL.UEM.TOTL.NE.ZS,5.094207097,,,,,5.330895769,,,,,4.684660213,,4.793885373,5.007755658,,,,,5.272168175,
IDA total,IDA,"Unemployment, total (% of total labor force) (national estimate)",SL.UEM.TOTL.NE.ZS,,,,,,,,,,,,,,,,,,,,
IDA blend,IDB,"Unemployment, total (% of total labor force) (national estimate)",SL.UEM.TOTL.NE.ZS,,,,,,,,,,,,2.707884284,,3.524052242,3.386857902,4.098135472,,,,
Indonesia,IDN,"Unemployment, total (% of total labor force) (national estimate)",SL.UEM.TOTL.NE.ZS,6.1,8.1,9.1,9.7,9.9,11.2,10.3,9.1,8.4,7.9,7.1,6.6,6.1,6.3,5.9,6.2,5.6,5.5,5.3,
IDA only,IDX,"Unemployment, total (% of total labor force) (national estimate)",SL.UEM.TOTL.NE.ZS,,,,,,,,,,,,,,,,,,,,
Isle of Man,IMN,"Unemployment, total (% of total labor force) (national estimate)",SL.UEM.TOTL.NE.ZS,0.600000024,1.600000024,0.5,0.800000012,1,1.399999976,2.420000076,1.399999976,1.399999976,,,3.299999952,,2.598130465,1.980000019,,2.667321205,,,
India,IND,"Unemployment, total (% of total labor force) (national estimate)",SL.UEM.TOTL.NE.ZS,5.66,5.66,5.72,5.73,5.67,5.6,5.45,5.32,5..28,5.57,5.64,5.64,5.65,5.67,5.61,5.57,5.51,5.42,5.329699993,
Not classified,INX,"Unemployment, total (% of total labor force) (national estimate)",SL.UEM.TOTL.NE.ZS,,,,,,,,,,,,,,,,,,,,
Ireland,IRL,"Unemployment, total (% of total labor force) (national estimate)",SL.UEM.TOTL.NE.ZS,4.317699909,3.683399916,4.215400219,4.478099823,4.490699768,4.342400074,4.414599895,4.980100155,6.773600101,12.60890007,14.53279972,15.35280037,15.45069981,13.73480034,11.8572998,9.906200409,8.373900414,6.71239996,5.740499973,
"Iran, Islamic Rep.",IRN,"Unemployment, total (% of total labor force) (national estimate)",SL.UEM.TOTL.NE.ZS,,,12.80000019,,10.30000019,12.10000038,11.19999981,10.60000038,10.47999954,11.97000027,13.52000046,12.44999981,12.63000011,10.43999958,10.56999969,11.06000042,12.43000031,12.10000038,12.06000042,
Iraq,IRQ,"Unemployment, total (% of total labor force) (national estimate)",SL.UEM.TOTL.NE.ZS,,,,,,,,8.646100044,,,,,7.964700222,,10.59000015,,10.81999969,13.02000046,,
Iceland,ISL,"Unemployment, total (% of total labor force) (national estimate)",SL.UEM.TOTL.NE.ZS,1.936400056,1.873600006,2.988199949,3.997100115,4.030799866,2.546999931,2.829799891,2.2506001,2.945600033,7.220399857,7.56430006,7.028100014,6.000199795,5.376399994,4.897200108,3.979199886,2.977900028,2.741899967,2.703999996,
Israel,ISR,"Unemployment, total (% of total labor force) (national estimate)",SL.UEM.TOTL.NE.ZS,10.9,11.6,12.9,13.4,12.9,11.2,10.5,9.2,7.7,9.4,8.3,7.1,6.9,6.3,5.9,5.3,4.8,4.3,4,
Italy,ITA,"Unemployment, total (% of total labor force) (national estimate)",SL.UEM.TOTL.NE.ZS,10.84179974,9.595100403,9.207500458,8.865699768,7.865600109,7.730500221,6.776599884,6.075399876,6.723199844,7.748600006,8.362500191,8.359000206,10.65450001,12.14869976,12.68280029,11.89599991,11.6882,11.2105999,10.60999966,
Jamaica,JAM,"Unemployment, total (% of total labor force) (national estimate)",SL.UEM.TOTL.NE.ZS,15.53909969,14.93000031,14.19050026,11.73130035,12.20510006,11.26319981,10.32479954,9.745300293,10.58950043,11.36229992,12.36590004,12.69999981,13.93019962,15.25059986,13.73999977,13.51130009,13.19180012,11.63409996,9.103699684,7.715000153
Jordan,JOR,"Unemployment, total (% of total labor force) (national estimate)",SL.UEM.TOTL.NE.ZS,13.7,14.7,15.3,14.4,14.7,14.8,14.1,12.7,12.7,12.9,12.5,12.9,12.2,12.6,11.9,13.1,15.3,18.3,18.6,
Japan,JPN,"Unemployment, total (% of total labor force) (national estimate)",SL.UEM.TOTL.NE.ZS,4.7,5,5.4,5.2,4.7,4.4,4.1,3.8,4,5.1,5.1,4.6,4.3,4,3.6,3.4,3.1,2.8,2.4,2.400000095
Kazakhstan,KAZ,"Unemployment, total (% of total labor force) (national estimate)",SL.UEM.TOTL.NE.ZS,12.75,10.43000031,9.329999924,8.779999733,8.399999619,8.130000114,7.789999962,7.260000229,6.630000114,6.550000191,5.769999981,5.389999866,5.289999962,5.199999809,5.059999943,4.929999828,4.960000038,4.900000095,,
Kenya,KEN,"Unemployment, total (% of total labor force) (national estimate)",SL.UEM.TOTL.NE.ZS,,,,,,,9.957300186,,,9.600000381,,,,,,,2.757400036,,,
Kyrgyz Republic,KGZ,"Unemployment, total (% of total labor force) (national estimate)",SL.UEM.TOTL.NE.ZS,7.539999962,7.840000153,12.55000019,9.920000076,8.529999733,8.109999657,8.270000458,8.100000381,8.220000267,8.409999847,8.640000343,8.529999733,8.430000305,8.329999924,8.050000191,7.559999943,7.210000038,6.889999866,4.537099838,
Cambodia,KHM,"Unemployment, total (% of total labor force) (national estimate)",SL.UEM.TOTL.NE.ZS,2.764300108,2.0552001,,,7.53000021,,,1.257099986,0.824500024,0.578599989,0.770600021,0.577400029,1.278699994,0.4375,0.691699982,0.393099993,0.716199994,,,
Kiribati,KIR,"Unemployment, total (% of total labor force) (national estimate)",SL.UEM.TOTL.NE.ZS,,,,,,14.64999962,,,,,30.57999992,,,,,9.334500313,,,,
St. Kitts and Nevis,KNA,"Unemployment, total (% of total labor force) (national estimate)",SL.UEM.TOTL.NE.ZS,,5.119999886,,,,,,,,,,,,,,,,,,
"Korea, Rep.",KOR,"Unemployment, total (% of total labor force) (national estimate)",SL.UEM.TOTL.NE.ZS,4.4,4,3.3,3.6,3.7,3.8,3.5,3.3,3.2,3.6,3.7,3.4,3.2,3.1,3.5,3.6,3.7,3.7,3.8,
Kuwait,KWT,"Unemployment, total (% of total labor force) (national estimate)",SL.UEM.TOTL.NE.ZS,0.8,1.1,1.3,1.2,1.4,1.3,1.4,1.7,1.7,1.6,2.1,2.1,2,1.9,1.7,1.3,1.2,1.3,1.1,
Latin America & Caribbean (excluding high income),LAC,"Unemployment, total (% of total labor force) (national estimate)",SL.UEM.TOTL.NE.ZS,,8.722756785,9.307015525,8.922121396,7.919565241,7.902968886,6.665874002,6.93360313,6.311686484,7.299874989,,6.308187045,6.362632217,6.121772678,5.914328197,6.452868105,7.924212398,8.252883291,8.475175727,
Lao PDR,LAO,"Unemployment, total (% of total labor force) (national estimate)",SL.UEM.TOTL.NE.ZS,,,,,,1.350000024,,,,,0.708299994,,,,,,,9.406000137,,
Lebanon,LBN,"Unemployment, total (% of total labor force) (national estimate)",SL.UEM.TOTL.NE.ZS,8.39,8.11,8.11,8,7.849999905,8.39,8.71,8.98,7.24,6.354991913,6.46,6.44,6.41,6.38,6.28,6.23,6.26,6.11,6.17,6.2
Liberia,LBR,"Unemployment, total (% of total labor force) (national estimate)",SL.UEM.TOTL.NE.ZS,,,,,,,,,,,2.26609993,,19.51939964,,2.078900099,2.078900099,3.080600023,,,
Libya,LBY,"Unemployment, total (% of total labor force) (national estimate)",SL.UEM.TOTL.NE.ZS,,,,,,,,,,,,,19.03000069,,,,,,,
St. Lucia,LCA,"Unemployment, total (% of total labor force) (national estimate)",SL.UEM.TOTL.NE.ZS,16.48999977,,20.38999939,22.18000031,20.96999931,18.70000076,16,14,12.72000027,15.36999989,,18.86000061,19.05999947,22.20999908,,24.08959961,21.26269913,,,
Latin America & Caribbean,LCN,"Unemployment, total (% of total labor force) (national estimate)",SL.UEM.TOTL.NE.ZS,,8.878625152,9.436646781,9.052407407,8.06798086,8.009324098,6.811892036,7.011620755,6.439802019,7.460314605,,6.362671896,6.386020471,6.140972307,5.957183067,6.458782495,7.856661361,8.187234387,8.400884909,
Least developed countries: UN classification,LDC,"Unemployment, total (% of total labor force) (national estimate)",SL.UEM.TOTL.NE.ZS,,,,,,,,,,,,,,,,,,,,
Low income,LIC,"Unemployment, total (% of total labor force) (national estimate)",SL.UEM.TOTL.NE.ZS,,,,,,,,,,,,,,,,,,,,
Liechtenstein,LIE,"Unemployment, total (% of total labor force) (national estimate)",SL.UEM.TOTL.NE.ZS,1.269999981,1.120000005,1.450000048,2.109999895,2.400000095,2.660000086,2.460000038,2.00999999,,,,,,,,,,,,
Sri Lanka,LKA,"Unemployment, total (% of total labor force) (national estimate)",SL.UEM.TOTL.NE.ZS,7.6,7.9,8.8,8.4,8.3,7.7,6.6,6.2,6,5.9,5,4.1,4,4.4,4.3,4.7,4.4,4.2,4.4,
Lower middle income,LMC,"Unemployment, total (% of total labor force) (national estimate)",SL.UEM.TOTL.NE.ZS,4.561590171,,,,,4.345223216,,,,,3.489152992,,3.764743921,,,,,,4.804991671,
Low & middle income,LMY,"Unemployment, total (% of total labor force) (national estimate)",SL.UEM.TOTL.NE.ZS,4.944421791,,,,,5.195802809,,,,,4.623010245,,4.736977364,,,,,,5.283745882,
Lesotho,LSO,"Unemployment, total (% of total labor force) (national estimate)",SL.UEM.TOTL.NE.ZS,,,,,,,,,35.45999908,,,,,24.57999992,,,,,,
Late-demographic dividend,LTE,"Unemployment, total (% of total labor force) (national estimate)",SL.UEM.TOTL.NE.ZS,4.707421548,5.243457099,5.427022703,5.634538738,5.450366842,5.502854322,5.111675971,4.835918545,4.985657137,5.275844392,4.706960235,4.851600551,4.785686883,4.724171575,4.623540931,,,4.906451299,4.716097326,
Lithuania,LTU,"Unemployment, total (% of total labor force) (national estimate)",SL.UEM.TOTL.NE.ZS,15.93109989,16.83959961,13.00800037,12.87450027,10.6843996,8.32460022,5.780399799,4.25,5.825900078,13.78499985,17.81410027,15.39039993,13.36480045,11.76990032,10.69810009,9.119999886,7.862100124,7.073200226,6.147099972,
Luxembourg,LUX,"Unemployment, total (% of total labor force) (national estimate)",SL.UEM.TOTL.NE.ZS,2.345299959,1.804999948,2.620899916,3.674999952,5.113299847,4.488200188,4.730700016,4.065199852,5.060100079,5.122399807,4.360799789,4.901500225,5.140100002,5.847599983,5.852399826,6.668600082,6.290699959,5.52159977,5.585400105,
Latvia,LVA,"Unemployment, total (% of total labor force) (national estimate)",SL.UEM.TOTL.NE.ZS,14.21080017,13.82110023,13.82890034,12.06110001,11.70839977,10.03299999,7.029699802,6.051599979,7.738900185,17.51469994,19.4822998,16.20639992,15.04669952,11.86740017,10.84630013,9.873000145,9.642900467,8.715000153,7.41230011,
"Macao SAR, China",MAC,"Unemployment, total (% of total labor force) (national estimate)",SL.UEM.TOTL.NE.ZS,6.800000191,6.400000095,6.300000191,6,4.900000095,4.099999905,3.799999952,3.200000048,3,3.579999924,2.839999914,2.559999943,1.970000029,1.820000052,1.700000048,1.809999943,1.899999976,2,,
St. Martin (French part),MAF,"Unemployment, total (% of total labor force) (national estimate)",SL.UEM.TOTL.NE.ZS,,,,,,,,,,,,,,,,,,,,
Morocco,MAR,"Unemployment, total (% of total labor force) (national estimate)",SL.UEM.TOTL.NE.ZS,13.57999992,12.46000004,11.59000015,11.92000008,10.82999992,11.01000023,9.670000076,9.56000042,9.569999695,8.960000038,9.090000153,8.909999847,8.989999771,9.229999542,9.699999809,9.460000038,9.300000191,,,
Monaco,MCO,"Unemployment, total (% of total labor force) (national estimate)",SL.UEM.TOTL.NE.ZS,3.599999905,,,,,,,,,,,,,,,,6.329999924,,,
Moldova,MDA,"Unemployment, total (% of total labor force) (national estimate)",SL.UEM.TOTL.NE.ZS,8.5,7.3,6.8,7.9,8.1,7.3,7.4,5.1,4,6.4,7.4,6.7,5.6,5.1,3.9,5,4.2,4.1,3,
Madagascar,MDG,"Unemployment, total (% of total labor force) (national estimate)",SL.UEM.TOTL.NE.ZS,5.800000191,5.349999905,,5.010000229,,2.619999886,,,,,4.28000021,,0.59859997,,,1.7852,,,,
Maldives,MDV,"Unemployment, total (% of total labor force) (national estimate)",SL.UEM.TOTL.NE.ZS,1.970000029,,,,,,,,,,,,,,5.210000038,,6.119900227,,,
Middle East & North Africa,MEA,"Unemployment, total (% of total labor force) (national estimate)",SL.UEM.TOTL.NE.ZS,,,12.79929323,,11.24030428,11.45984184,10.53730568,9.85648023,9.537261141,9.748514979,10.14687393,10.69253696,10.89863763,10.44958626,10.36581771,10.49703701,9.993702268,10.6314413,,
Mexico,MEX,"Unemployment, total (% of total labor force) (national estimate)",SL.UEM.TOTL.NE.ZS,2.2,2.8,3,3.4,3.9,3.5,3.5,3.6,3.9,5.3,5.3,5.2,4.9,4.9,4.8,4.3,3.9,3.4,3.3,3.482800007
Marshall Islands,MHL,"Unemployment, total (% of total labor force) (national estimate)",SL.UEM.TOTL.NE.ZS,,,,,,25.37000084,,,,,,4.739999771,,,,,,,,
Middle income,MIC,"Unemployment, total (% of total labor force) (national estimate)",SL.UEM.TOTL.NE.ZS,4.942751259,,,,,5.290953421,,,,5.693769173,4.579902389,5.258503598,4.755612411,5.048284279,5.066972055,,,,5.267588593,
North Macedonia,MKD,"Unemployment, total (% of total labor force) (national estimate)",SL.UEM.TOTL.NE.ZS,32.20000076,30.52000046,31.94000053,36.68999863,37.16130066,37.24990082,36.02539825,34.93450165,33.76129913,32.1794014,32.0196991,31.37750053,31.01639938,28.99609947,28.03030014,26.06839943,23.72439957,22.38120079,20.73559952,
Mali,MLI,"Unemployment, total (% of total labor force) (national estimate)",SL.UEM.TOTL.NE.ZS,,,,,8.75,,,11.71000004,,,8.069999695,6.900000095,,6.350900173,6.375500202,7.729199886,1.366999984,7.414400101,1.619899988,
Malta,MLT,"Unemployment, total (% of total labor force) (national estimate)",SL.UEM.TOTL.NE.ZS,6.323500156,7.107299805,6.902100086,7.487699986,7.316599846,6.923299789,6.798299789,6.472300053,5.97660017,6.888800144,6.847400188,6.378099918,6.196100235,6.10559988,5.724699974,5.379000187,4.687099934,4.00150013,3.658200026,
Myanmar,MMR,"Unemployment, total (% of total labor force) (national estimate)",SL.UEM.TOTL.NE.ZS,,,,,,,,,,,,,,,,0.765900016,,1.556100011,0.86589998,
Middle East & North Africa (excluding high income),MNA,"Unemployment, total (% of total labor force) (national estimate)",SL.UEM.TOTL.NE.ZS,,,13.70233424,,11.91406146,12.47437175,11.1622543,10.47023704,10.41283369,10.5054597,11.07771197,11.74179994,11.97915663,11.54700664,11.52226316,11.94596583,11.94425626,12.63942785,,
Montenegro,MNE,"Unemployment, total (% of total labor force) (national estimate)",SL.UEM.TOTL.NE.ZS,,,,,,30.30999947,,19.39999962,17.14999962,19.09000015,19.64870071,19.67079926,19.97450066,19.49550056,17.99650002,17.54380035,17.72330093,16.07110023,15.17490005,
Mongolia,MNG,"Unemployment, total (% of total labor force) (national estimate)",SL.UEM.TOTL.NE.ZS,,,6.199999809,6.800000191,,,,7.199999809,5.564799786,5.859899998,6.549399853,4.769299984,3.904900074,4.231200218,4.798099995,4.86070013,7.235099792,6.359399796,5.376599789,
Northern Mariana Islands,MNP,"Unemployment, total (% of total labor force) (national estimate)",SL.UEM.TOTL.NE.ZS,3.829999924,,,4.570000172,,8.220000267,,,,,11.17000008,,,,,,,,,
Mozambique,MOZ,"Unemployment, total (% of total labor force) (national estimate)",SL.UEM.TOTL.NE.ZS,,,,,,,,,,,,,,,,3.426399946,,,,
Mauritania,MRT,"Unemployment, total (% of total labor force) (national estimate)",SL.UEM.TOTL.NE.ZS,,,,,,,,,,,,,9.864500046,,,,,10.33590031,,
Mauritius,MUS,"Unemployment, total (% of total labor force) (national estimate)",SL.UEM.TOTL.NE.ZS,,9.139499664,8.204600334,5.903800011,8.337400436,9.523799896,9.040200233,8.475299835,7.169700146,7.257100105,7.653900146,7.447199821,7.472300053,7.322299957,7.467299938,7.409599781,6.813499928,6.752200127,6.426499844,
Malawi,MWI,"Unemployment, total (% of total labor force) (national estimate)",SL.UEM.TOTL.NE.ZS,,,,,,0.941500008,,,,,,,,5.946499825,,,,28.66650009,,
Malaysia,MYS,"Unemployment, total (% of total labor force) (national estimate)",SL.UEM.TOTL.NE.ZS,3.1,3.7,3.5,3.6,3.6,3.6,3.3,3.2,3.3,3.7,3.3,3.1,3,3.1,2.9,3.2,3.5,3.4,3.3,
North America,NAC,"Unemployment, total (% of total labor force) (national estimate)",SL.UEM.TOTL.NE.ZS,4.273892778,4.980674835,5.97585557,6.153825347,5.701941167,5.258057112,4.799920479,4.771044207,5.821535383,9.15733462,9.463626976,8.793477686,7.985249663,7.341974481,6.249047901,5.457552808,5.10136603,4.572171495,4.107470728,3.887956102
Namibia,NAM,"Unemployment, total (% of total labor force) (national estimate)",SL.UEM.TOTL.NE.ZS,20.29999924,,,,22.09000015,,,,,,22.10000038,,16.77079964,19.02809906,18.52070045,,23.35180092,,19.87700081,
New Caledonia,NCL,"Unemployment, total (% of total labor force) (national estimate)",SL.UEM.TOTL.NE.ZS,,,,,16.30999947,,,,,13.97000027,,,,,14.59000015,,,,,
Niger,NER,"Unemployment, total (% of total labor force) (national estimate)",SL.UEM.TOTL.NE.ZS,,1.470000029,,,,3.099999905,,,,,,0.316500008,2.176800013,,0.523899972,,,7.768899918,,
Nigeria,NGA,"Unemployment, total (% of total labor force) (national estimate)",SL.UEM.TOTL.NE.ZS,,,,,,,,,,,,3.76970005,,3.703299999,4.562300205,4.31099987,7.059899807,8.388500214,,
Nicaragua,NIC,"Unemployment, total (% of total labor force) (national estimate)",SL.UEM.TOTL.NE.ZS,9.8,6.4,12.2,7,6.5,5.6,5.2,5.9,6.1,8.2,7.8,5.9,5.9,5.7,6.6,5.9,4.5,3.7,5.5,
Netherlands,NLD,"Unemployment, total (% of total labor force) (national estimate)",SL.UEM.TOTL.NE.ZS,2.725399971,2.119299889,2.553999901,3.593400002,4.64620018,5.872499943,5.002399921,4.152699947,3.654200077,4.347000122,4.988999844,4.977300167,5.820899963,7.243000031,7.415800095,6.872000217,6.006299973,4.838600159,3.830499887,
Norway,NOR,"Unemployment, total (% of total labor force) (national estimate)",SL.UEM.TOTL.NE.ZS,3.4,3.5,3.9,4.5,4.5,4.6,3.4,2.5,2.7,3.3,3.8,3.4,3.3,3.8,3.6,4.5,4.7,4.2,3.9,
Nepal,NPL,"Unemployment, total (% of total labor force) (national estimate)",SL.UEM.TOTL.NE.ZS,,,,,,,,,1.327900052,,,,,,,3.880000114,,11.35540009,,
Nauru,NRU,"Unemployment, total (% of total labor force) (national estimate)",SL.UEM.TOTL.NE.ZS,,,22.76000023,,,,,,,,,22.95999908,,13.2816,,,,,,
New Zealand,NZL,"Unemployment, total (% of total labor force) (national estimate)",SL.UEM.TOTL.NE.ZS,6.2,5.5,5.3,4.8,4,3.8,3.9,3.6,4,5.8,6.2,6,6.4,5.8,5.4,5.3,5.1,4.7,4.3,
OECD members,OED,"Unemployment, total (% of total labor force) (national estimate)",SL.UEM.TOTL.NE.ZS,6.324338763,6.342624572,6.893418071,7.061110102,6.96482258,6.657283388,6.086968529,5.632018438,5.961338913,8.143834285,8.336681731,7.951136895,7.939767649,7.881977045,7.360405862,6.770331952,6.32441525,5.763568263,5.293250812,
Oman,OMN,"Unemployment, total (% of total labor force) (national estimate)",SL.UEM.TOTL.NE.ZS,,,,,,,,,4.141776562,,,,,,,,3.269999981,,1.799999952,
Other small states,OSS,"Unemployment, total (% of total labor force) (national estimate)",SL.UEM.TOTL.NE.ZS,,,,,,,,,,,,,,,,,,,,
Pakistan,PAK,"Unemployment, total (% of total labor force) (national estimate)",SL.UEM.TOTL.NE.ZS,7.8,7.8,8.3,8.3,7.7,7.7,6.2,5.2,5.2,5.5,5.6,6,6,6,6,5.9,6,6,5.6,
Panama,PAN,"Unemployment, total (% of total labor force) (national estimate)",SL.UEM.TOTL.NE.ZS,13.52999973,14.71000004,14.10999966,13.61999989,12.43999958,10.32999992,9.109999657,6.78000021,,6.559999943,3.713000059,2.311199903,2.390599966,2.300499916,2.722800016,3.00180006,3.314599991,3.899800062,3.894099951,
Peru,PER,"Unemployment, total (% of total labor force) (national estimate)",SL.UEM.TOTL.NE.ZS,7.8,9.2,9.4,9.4,9.4,9.6,8.5,8.4,8.4,8.4,7.9,7.7,6.8,5.9,5.9,6.5,6.7,6.9,6.7,
Philippines,PHL,"Unemployment, total (% of total labor force) (national estimate)",SL.UEM.TOTL.NE.ZS,11.2,11.1,11.4,11.4,11.8,11.4,8,7.3,7.4,7.5,7.3,7,7,7.1,6.8,6.3,5.5,5.7,5.3,
Palau,PLW,"Unemployment, total (% of total labor force) (national estimate)",SL.UEM.TOTL.NE.ZS,3.300100088,,,,,4.179999828,,,,,,,,,1.356899977,,,,,
Papua New Guinea,PNG,"Unemployment, total (% of total labor force) (national estimate)",SL.UEM.TOTL.NE.ZS,2.920000076,,,,,,,,,,2.001699924,2.619999886,,,,,,,,
Poland,POL,"Unemployment, total (% of total labor force) (national estimate)",SL.UEM.TOTL.NE.ZS,16.1,18.2,19.9,19.6,19,17.7,13.8,9.6,7.1,8.2,9.6,9.6,10.1,10.3,9,7.5,6.2,4.9,3.8,
Pre-demographic dividend,PRE,"Unemployment, total (% of total labor force) (national estimate)",SL.UEM.TOTL.NE.ZS,,,,,,,,,,,,,,,,,,,,
Puerto Rico,PRI,"Unemployment, total (% of total labor force) (national estimate)",SL.UEM.TOTL.NE.ZS,10.07999992,11.39999962,11.93999958,11.77999973,10.31000042,11.35000038,11.01000023,10.93000031,11.47999954,15,16.10000038,15.69999981,14.5,14.30000019,13.89999962,12,11.80000019,10.80000019,9.199999809,8.270799637
"Korea, Dem. People’s Rep.",PRK,"Unemployment, total (% of total labor force) (national estimate)",SL.UEM.TOTL.NE.ZS,,,,,,,,,,,,,,,,,,,,
Portugal,PRT,"Unemployment, total (% of total labor force) (national estimate)",SL.UEM.TOTL.NE.ZS,3.809400082,3.828399897,4.496600151,6.131599903,6.316599846,7.581699848,7.647399902,7.963699818,7.551700115,9.431900024,10.76990032,12.67720032,15.52680016,16.1833992,13.89410019,12.44439983,11.06620026,8.866999626,6.993400097,
Paraguay,PRY,"Unemployment, total (% of total labor force) (national estimate)",SL.UEM.TOTL.NE.ZS,7.610000134,,9.392999649,6.813899994,6.513199806,4.824699879,5.276500225,4.713300228,4.415200233,5.460199833,4.569099903,4.669499874,4.085499763,4.384699821,5.033800125,4.555799961,5.254600048,4.614600182,6.217299938,
West Bank and Gaza,PSE,"Unemployment, total (% of total labor force) (national estimate)",SL.UEM.TOTL.NE.ZS,10.62510014,21.49270058,27.46489906,23.00419998,23.21489906,20.01569939,19.01409912,18.28190041,22.91309929,20.45179939,21.41600037,17.59729958,19.20219994,19.89410019,20.5265007,23.00489998,23.93930054,25.6765995,26.2560997,
Pacific island small states,PSS,"Unemployment, total (% of total labor force) (national estimate)",SL.UEM.TOTL.NE.ZS,,,,,,,,,,5.759284785,,,,,,,,,,
Post-demographic dividend,PST,"Unemployment, total (% of total labor force) (national estimate)",SL.UEM.TOTL.NE.ZS,6.389862884,6.234897938,6.638622703,6.73301181,6.528663283,6.22406845,5.87007264,5.469391795,5.813416798,8.023776262,8.324212104,7.960613656,8.013437438,7.927884421,7.408247587,6.820858916,6.44256851,5.867784687,5.344575503,
French Polynesia,PYF,"Unemployment, total (% of total labor force) (national estimate)",SL.UEM.TOTL.NE.ZS,,,11.71000004,,,,,11.73999977,,,,,,,,,,,,
Qatar,QAT,"Unemployment, total (% of total labor force) (national estimate)",SL.UEM.TOTL.NE.ZS,,,,,1.480000019,,0.870000005,0.519999981,0.310000002,0.310000002,0.449999988,0.560000002,0.479999989,0.280000001,0.200000003,0.170000002,0.150000006,0.140000001,0.109999999,
Romania,ROU,"Unemployment, total (% of total labor force) (national estimate)",SL.UEM.TOTL.NE.ZS,7.6,7.3,8.3,7.8,8,7.2,7.1,6.3,5.5,6.3,7,7.1,6.8,7.1,6.8,6.8,5.9,4.9,4.2,
Russian Federation,RUS,"Unemployment, total (% of total labor force) (national estimate)",SL.UEM.TOTL.NE.ZS,10.6,8.9,8,8.2,7.7,7.2,7.1,6,6.2,8.2,7.4,6.5,5.5,5.5,5.2,5.6,5.5,5.2,4.8,
Rwanda,RWA,"Unemployment, total (% of total labor force) (national estimate)",SL.UEM.TOTL.NE.ZS,,,0.889999986,,,,,,,,,,,,1.16929996,,,17.35740089,15.11330032,
South Asia,SAS,"Unemployment, total (% of total labor force) (national estimate)",SL.UEM.TOTL.NE.ZS,3.239466023,,,,,3.078605119,,,,,2.392050179,,2.69323549,,,,,,5.169248193,
Saudi Arabia,SAU,"Unemployment, total (% of total labor force) (national estimate)",SL.UEM.TOTL.NE.ZS,4.6,4.6,5.3,5.6,5.8,6.1,6.3,5.6,5.2,5.4,5.5,5.8,5.5,5.6,5.7,5.6,5.6,6,6,
Sudan,SDN,"Unemployment, total (% of total labor force) (national estimate)",SL.UEM.TOTL.NE.ZS,,,,,,,,,14.80000019,13,,17.43980026,,,,,,,,
Senegal,SEN,"Unemployment, total (% of total labor force) (national estimate)",SL.UEM.TOTL.NE.ZS,,,5.650000095,,,,10.02999973,,,,,10.35999966,,,,6.757400036,,,,
Singapore,SGP,"Unemployment, total (% of total labor force) (national estimate)",SL.UEM.TOTL.NE.ZS,2.7,2.7,3.6,4,3.4,3.1,2.7,2.1,2.2,3,2.2,2,2,1.9,2,1.9,2.1,2.2,2.1,
Solomon Islands,SLB,"Unemployment, total (% of total labor force) (national estimate)",SL.UEM.TOTL.NE.ZS,,,,,,,,,,2.019999981,,,,0.693899989,,,,,,
Sierra Leone,SLE,"Unemployment, total (% of total labor force) (national estimate)",SL.UEM.TOTL.NE.ZS,,,,,3.420000076,,,,,,,,,,4.677999973,,,,,
El Salvador,SLV,"Unemployment, total (% of total labor force) (national estimate)",SL.UEM.TOTL.NE.ZS,6.960000038,6.960000038,5.730000019,6.260000229,6.050000191,7.21999979,6.570000172,6.409999847,5.880000114,7.329999924,4.893199921,4.297299862,3.843100071,3.692600012,4.153999805,3.998300076,4.418300152,4.385000229,4.005700111,
San Marino,SMR,"Unemployment, total (% of total labor force) (national estimate)",SL.UEM.TOTL.NE.ZS,2.799999952,,,,,2.109999895,1.629999995,,,4.019999981,4.369999886,5.059999943,5.190000057,6.079999924,6.610000134,7.380000114,6.449999809,,,
Somalia,SOM,"Unemployment, total (% of total labor force) (national estimate)",SL.UEM.TOTL.NE.ZS,,,,,,,,,,,,,,,,,,,,
Serbia,SRB,"Unemployment, total (% of total labor force) (national estimate)",SL.UEM.TOTL.NE.ZS,12.60000038,12.80000019,13.80000019,15.19999981,18.5,20.85000038,20.85000038,18.05999947,13.70479965,16.14220047,19.21759987,22.96619987,23.99990082,22.15369987,19.22340012,17.65970039,15.25739956,13.47700024,12.73270035,
Sub-Saharan Africa (excluding high income),SSA,"Unemployment, total (% of total labor force) (national estimate)",SL.UEM.TOTL.NE.ZS,,,,,,,,,,,,,,,,,,,,
South Sudan,SSD,"Unemployment, total (% of total labor force) (national estimate)",SL.UEM.TOTL.NE.ZS,,,,,,,,,12.14999962,,,,,,,,,,,
Sub-Saharan Africa,SSF,"Unemployment, total (% of total labor force) (national estimate)",SL.UEM.TOTL.NE.ZS,,,,,,,,,,,,,,,,,,,,
Small states,SST,"Unemployment, total (% of total labor force) (national estimate)",SL.UEM.TOTL.NE.ZS,,,,,,,,,,,,,,,,,,,,
Sao Tome and Principe,STP,"Unemployment, total (% of total labor force) (national estimate)",SL.UEM.TOTL.NE.ZS,14.39999962,15.72999954,17.62999916,16.36000061,16.12000084,16.46999931,16.64999962,,,,,,13.59000015,,,,,,,
Suriname,SUR,"Unemployment, total (% of total labor force) (national estimate)",SL.UEM.TOTL.NE.ZS,,,,,9.489999771,,,,,8.720000267,7.150000095,7.539999962,8.100000381,6.599999905,6.940000057,7.21999979,,,,
Slovak Republic,SVK,"Unemployment, total (% of total labor force) (national estimate)",SL.UEM.TOTL.NE.ZS,19.06159973,19.38249969,18.72100067,17.1196003,18.59939957,16.2560997,13.37279987,11.14340019,9.507599831,12.02540016,14.37940025,13.61740017,13.96329975,14.22049999,13.18410015,11.48079967,9.670200348,8.130999565,6.536300182,
Slovenia,SVN,"Unemployment, total (% of total labor force) (national estimate)",SL.UEM.TOTL.NE.ZS,6.917699814,5.682099819,5.921999931,6.478600025,6.011600018,6.505599976,5.950200081,4.818099976,4.370600224,5.856900215,7.236199856,8.166000366,8.840200424,10.10229969,9.667599678,8.962300301,8.000100136,6.564400196,5.107800007,
Sweden,SWE,"Unemployment, total (% of total labor force) (national estimate)",SL.UEM.TOTL.NE.ZS,6.3,5.8,6,6.6,7.4,7.6,7,6.1,6.2,8.3,8.6,7.8,8,8,7.9,7.4,7,6.7,6.3,
Eswatini,SWZ,"Unemployment, total (% of total labor force) (national estimate)",SL.UEM.TOTL.NE.ZS,,,,,,,,28.23999977,,,,,,,,,22.71769905,,,
Sint Maarten (Dutch part),SXM,"Unemployment, total (% of total labor force) (national estimate)",SL.UEM.TOTL.NE.ZS,,,,,,,,,,,,,,,,,,,,
Seychelles,SYC,"Unemployment, total (% of total labor force) (national estimate)",SL.UEM.TOTL.NE.ZS,,,9.81000042,,,5.5,,,,,,4.110000134,,,3.840699911,4.151199818,3.964900017,3.714900017,3.527800083,
Syrian Arab Republic,SYR,"Unemployment, total (% of total labor force) (national estimate)",SL.UEM.TOTL.NE.ZS,,11.63000011,11.68000031,10.27999973,,,8.170000076,8.420000076,10.93999958,8.140000343,8.609999657,,,,,,,,,
Turks and Caicos Islands,TCA,"Unemployment, total (% of total labor force) (national estimate)",SL.UEM.TOTL.NE.ZS,,9.710000038,6.179999828,7.769999981,9.859999657,8.039999962,7.449999809,5.429999828,8.300000191,,,,,,,,,,,
Chad,TCD,"Unemployment, total (% of total labor force) (national estimate)",SL.UEM.TOTL.NE.ZS,,,,,,,,,,,,,,,,,,,,
East Asia & Pacific (IDA & IBRD countries),TEA,"Unemployment, total (% of total labor force) (national estimate)",SL.UEM.TOTL.NE.ZS,3.593693785,3.773703479,4.341225194,4.315712578,4.317129715,4.457425623,4.349801988,4.189762605,4.37162709,4.218308192,3.928792348,3.914168593,3.830546741,3.78577027,3.788726137,,,3.605283557,3.542700697,
Europe & Central Asia (IDA & IBRD countries),TEC,"Unemployment, total (% of total labor force) (national estimate)",SL.UEM.TOTL.NE.ZS,10.16421123,9.795144659,9.697968447,9.466142354,9.216601596,8.612107888,8.001466033,7.01826818,6.903851488,8.93864202,8.602934897,7.905029874,7.419847533,7.480911668,7.542274738,7.527051843,7.418734796,7.116646405,6.908429492,
Togo,TGO,"Unemployment, total (% of total labor force) (national estimate)",SL.UEM.TOTL.NE.ZS,,,,,,,4.22879982,,,,,1.98150003,,,5.468599796,2.203900099,,3.743999958,,
Thailand,THA,"Unemployment, total (% of total labor force) (national estimate)",SL.UEM.TOTL.NE.ZS,2.388842106,3.3,2.4,2.2,2.1,1.9,1.5,1.4,1.4,1.5,1.1,0.7,0.7,0.7,0.8,0.9,1,1.2,1.1,
Tajikistan,TJK,"Unemployment, total (% of total labor force) (national estimate)",SL.UEM.TOTL.NE.ZS,2.700000048,2.299999952,2.5,2.400000095,2,2,2.200000048,2.5,,11.5,,,,,,,6.900000095,,,
Turkmenistan,TKM,"Unemployment, total (% of total labor force) (national estimate)",SL.UEM.TOTL.NE.ZS,,,,,,,,,,4,4,,,,,,,,,
Latin America & the Caribbean (IDA & IBRD countries),TLA,"Unemployment, total (% of total labor force) (national estimate)",SL.UEM.TOTL.NE.ZS,,8.967759254,9.55369475,9.172679138,8.182212474,8.110535393,6.889392356,7.093424135,6.508356428,7.530739949,,6.369697902,6.394690706,6.147231141,5.974513994,6.508966038,7.833544779,8.176737987,8.397786948,
Timor-Leste,TLS,"Unemployment, total (% of total labor force) (national estimate)",SL.UEM.TOTL.NE.ZS,,,,,,,,,,,3.300899982,,,10.9854002,,,4.657299995,,,
Middle East & North Africa (IDA & IBRD countries),TMN,"Unemployment, total (% of total labor force) (national estimate)",SL.UEM.TOTL.NE.ZS,,,13.58737974,,11.81304705,12.4060052,11.09444221,10.4060943,10.29856572,10.41511497,10.97938652,11.6749496,11.90384148,11.44751236,11.4235046,11.79980476,11.80108359,12.45236907,,
Tonga,TON,"Unemployment, total (% of total labor force) (national estimate)",SL.UEM.TOTL.NE.ZS,,,,5.179999828,,,1.090000033,,,,,,,,,,,,3.068599939,
South Asia (IDA & IBRD),TSA,"Unemployment, total (% of total labor force) (national estimate)",SL.UEM.TOTL.NE.ZS,3.239466023,,,,,3.078605119,,,,,2.392050179,,2.69323549,,,,,,5.169248193,
Sub-Saharan Africa (IDA & IBRD countries),TSS,"Unemployment, total (% of total labor force) (national estimate)",SL.UEM.TOTL.NE.ZS,,,,,,,,,,,,,,,,,,,,
Trinidad and Tobago,TTO,"Unemployment, total (% of total labor force) (national estimate)",SL.UEM.TOTL.NE.ZS,12.10000038,10.88000011,10.39000034,10.47999954,8.329999924,7.949999809,6.269999981,5.539999962,4.630000114,5.28000021,4.032800198,3.425400019,3.718300104,2.683399916,2.476799965,2.427599907,3.207400084,,,
Tunisia,TUN,"Unemployment, total (% of total labor force) (national estimate)",SL.UEM.TOTL.NE.ZS,14.93999958,14.39999962,14.55000019,14.51000023,14.22999954,12.87220001,12.51010036,12.36480045,12.44349957,13.29049969,13.04889965,18.33399963,17.62960052,15.93379974,,15.15919971,15.51420021,15.37930012,15.45860004,
Turkey,TUR,"Unemployment, total (% of total labor force) (national estimate)",SL.UEM.TOTL.NE.ZS,6,7.8,9.8,9.9,9.7,9.5,9,9.2,10,13.1,11.1,9.1,8.4,9,9.9,10.3,10.9,10.9,11,
Tuvalu,TUV,"Unemployment, total (% of total labor force) (national estimate)",SL.UEM.TOTL.NE.ZS,,,6.53000021,,,,,,,,,,,,,,8.489100456,,,
Tanzania,TZA,"Unemployment, total (% of total labor force) (national estimate)",SL.UEM.TOTL.NE.ZS,,2.994400024,3.599999905,,,,3.299400091,,,2.5,,3.470000029,,2.930000067,2.124900103,,,,,
Uganda,UGA,"Unemployment, total (% of total labor force) (national estimate)",SL.UEM.TOTL.NE.ZS,,,3.5,3.599999905,,1.899999976,,,,3.599999905,,,3.550800085,1.909999967,,,,9.43999958,,
Ukraine,UKR,"Unemployment, total (% of total labor force) (national estimate)",SL.UEM.TOTL.NE.ZS,11.5,10.8,9.6,9.1,8.6,7.2,6.8,6.4,6.4,8.8,8.1,7.9,7.5,7.2,9.3,9.1,9.5,9.7,9,
Upper middle income,UMC,"Unemployment, total (% of total labor force) (national estimate)",SL.UEM.TOTL.NE.ZS,5.215222786,5.746772615,6.211988757,6.199717901,5.920227406,5.900219981,5.517149767,5.400920829,5.350657822,5.875641076,5.432217113,5.381003907,5.362751988,5.230134169,5.267261303,,,5.76191528,5.585649163,
Uruguay,URY,"Unemployment, total (% of total labor force) (national estimate)",SL.UEM.TOTL.NE.ZS,13.4,15.2,16.8,17.2,13.3,12.1,10.8,9.4,7.9,7.8,7,6.3,6.3,6.5,6.6,7.5,7.9,7.9,8.4,
United States,USA,"Unemployment, total (% of total labor force) (national estimate)",SL.UEM.TOTL.NE.ZS,4,4.7,5.8,6,5.5,5.1,4.6,4.6,5.8,9.3,9.6,8.9,8.1,7.4,6.2,5.3,4.9,4.3,3.9,3.669199944
Uzbekistan,UZB,"Unemployment, total (% of total labor force) (national estimate)",SL.UEM.TOTL.NE.ZS,0.400000006,0.400000006,0.400000006,0.300000012,0.400000006,0.300000012,0.200000003,0.300000012,0.400000006,5,5.400000095,5,4.900000095,4.900000095,5.099999905,5.199999809,5.199999809,5.800000191,9.300000191,
St. Vincent and the Grenadines,VCT,"Unemployment, total (% of total labor force) (national estimate)",SL.UEM.TOTL.NE.ZS,,21.10000038,,,,,,,18.79000092,,,,,,,,,,,
"Venezuela, RB",VEN,"Unemployment, total (% of total labor force) (national estimate)",SL.UEM.TOTL.NE.ZS,,8.829999924,16.17000008,16.78000069,,10.66259956,8.605799675,7.279099941,6.245100021,6.097400188,7.112199783,6.901800156,6.600599766,,,,,,,
British Virgin Islands,VGB,"Unemployment, total (% of total labor force) (national estimate)",SL.UEM.TOTL.NE.ZS,,,,,,,,,,,,,,,,,,,,
Virgin Islands (U.S.),VIR,"Unemployment, total (% of total labor force) (national estimate)",SL.UEM.TOTL.NE.ZS,,,,,,,,,,,,,,,,,,,,
Vietnam,VNM,"Unemployment, total (% of total labor force) (national estimate)",SL.UEM.TOTL.NE.ZS,6.4,6.3,6,5.8,5.6,5.3,4.8,4.6,4.7,4.6,4.3,4.5,2.7,2.8,2.1,2.3,2.3,2.2,2.2,
Vanuatu,VUT,"Unemployment, total (% of total labor force) (national estimate)",SL.UEM.TOTL.NE.ZS,,,,,,,8.006400108,,,4.564700127,1.847599983,,,,,,,,,
World,WLD,"Unemployment, total (% of total labor force) (national estimate)",SL.UEM.TOTL.NE.ZS,5.306169916,,6.537187456,6.422282359,,5.506476333,5.708490119,5.465011174,,6.255532722,5.394838399,5.88055294,5.421052495,5.63963651,5.576680552,,,5.787200123,5.247575637,
Samoa,WSM,"Unemployment, total (% of total labor force) (national estimate)",SL.UEM.TOTL.NE.ZS,,4.960000038,,,,,1.289999962,,,,,5.679999828,8.751999855,,8.720000267,,,14.47189999,,
Kosovo,XKX,"Unemployment, total (% of total labor force) (national estimate)",SL.UEM.TOTL.NE.ZS,,57,55,49.70000076,39.70000076,41.40000153,44.90000153,46.29999924,47.5,45.40000153,,,30.87859917,,35.15000153,32.93000031,27.46999931,30.34000015,29.42000008,
"Yemen, Rep.",YEM,"Unemployment, total (% of total labor force) (national estimate)",SL.UEM.TOTL.NE.ZS,,,,,16.22999954,16.04999924,15.69999981,15.32999992,14.97000027,14.63000011,17.81999969,,,,13.46710014,,,,,
South Africa,ZAF,"Unemployment, total (% of total labor force) (national estimate)",SL.UEM.TOTL.NE.ZS,23,26,27.8,27.7,25.2,24.7,23.6,23,22.5,23.7,24.9,24.8,24.9,24.7,25.1,25.4,26.7,27.5,27.1,28.46809959
Zambia,ZMB,"Unemployment, total (% of total labor force) (national estimate)",SL.UEM.TOTL.NE.ZS,12.93000031,,,,,15.89999962,,,7.929999828,,13.18999958,,7.849999905,,,,,11.62580013,,
Zimbabwe,ZWE,"Unemployment, total (% of total labor force) (national estimate)",SL.UEM.TOTL.NE.ZS,,,,,4.389999866,,,,,,,5.368100166,,,4.774099827,,,,,
